{"fully": {"0.01": 0.2761435559240438, "0.1": 0.33770528902946895}, "solo": {"0.01": 0.3110327540454849, "0.1": 0.4167430007719766}, "Erdos_1/4_var": {"0.01": 0.44201956394175856, "0.1": 0.2378391076266071, "0.15": 0.5486915085180584}, "Erdos_1/4_const": {"0.01": 0.38048667328874186, "0.1": 0.19309644948718754, "0.15": 0.22319396115815804}, "cycle_changing": {"0.01": 0.4160796927161894, "0.1": 0.24766871872184387, "0.15": 0.44589351610106936}, "changing_ring": {"0.01": 0.4626703890261509, "0.1": 0.41800248711291005, "0.15": 0.36964918496245047, "0.2": 0.45565305974223985}, "Erdos_0.3": {"0.01": 0.3446114492697357, "0.1": 0.2737716658305282, "0.15": 0.3091461957053487}, "Erdos_0.4": {"0.01": 0.386488994212537, "0.1": 0.22573980887941383, "0.15": 0.3183026730272351}, "Erdos_0.5": {"0.01": 0.3084572892778127, "0.1": 0.14107829126553073, "0.15": 0.29067793534279374}, "Erdos_0.6": {"0.01": 0.3025903373451556, "0.1": 0.1545257511828884, "0.15": 0.29382676790247403}, "Erdos_0.7": {"0.01": 0.38359160572132567, "0.1": 0.183075126428236, "0.15": 0.12103278101106191, "0.2": 0.1466386618341272}, "Erdos_0.8": {"0.01": 0.30395842218866287, "0.1": 0.1448632301525923, "0.15": 0.21562509529166302}, "Erdos_0.9": {"0.01": 0.26453945584500493, "0.1": 0.11874604785136121, "0.15": 0.2748883901779556}, "Var_Erdos_0.2": {"0.01": 0.38549384182729457, "0.1": 0.17583146113783943, "0.15": 0.6154108209519694}, "Var_Erdos_0.3": {"0.01": 0.4786563659071038, "0.1": 0.14864996540699532, "0.15": 0.19039481302123454}, "Var_Erdos_0.4": {"0.01": 0.3616889279051605, "0.1": 0.137286718887419, "0.15": 0.16262033670327736}, "Var_Erdos_0.5": {"0.01": 0.3389693564119733, "0.1": 0.12483518156893868, "0.15": 0.14074100424945987}, "Var_Erdos_0.6": {"0.01": 0.3424964805086285, "0.1": 0.13043277336765965, "0.15": 0.11037841708975513, "0.2": 0.17879925833588814}, "Var_Erdos_0.7": {"0.01": 0.26089214664583993, "0.1": 0.12451130453737895, "0.15": 0.1563470703155055}, "Var_Erdos_0.8": {"0.01": 0.3028292239138509, "0.1": 0.20284817054851959, "0.15": 0.18186957374712356, "0.2": 0.3170832443343065}, "Var_Erdos_0.9": {"0.01": 0.3090954606058234, "0.1": 0.09886403451180402, "0.15": 0.1916825292746426}}