{"star": {"0.01": 0.8965419588326398, "0.1": 1.4083185271691467}, "two_cliques": {"0.01": 0.4605729861216525, "0.1": 0.22567378400461907, "0.15": 0.36878852357582775}, "ring": {"0.01": 0.4853793618474471, "0.1": 0.2530015834007349, "0.15": 0.5530996702895579}}